{"cameraMode":{"drawMode":0,"name":"Shaded","section":"Shading Mode"},"sceneLighting":false,"audioPlay":false,"sceneViewState":{"showFog":true,"showMaterialUpdate":true,"showSkybox":false,"showFlares":true,"showImageEffects":true,"showParticleSystems":true},"in2DMode":false,"pivot":{"x":-1.8499999046325684,"y":0.6899999976158142,"z":-0.6433224678039551},"rotation":{"x":-0.31826940178871157,"y":-0.02332540601491928,"z":0.00784342922270298,"w":-0.9476975202560425},"size":4.785299777984619,"orthographic":false}