{"cameraMode":{"drawMode":0,"name":"Shaded","section":"Shading Mode"},"sceneLighting":true,"audioPlay":false,"sceneViewState":{"showFog":true,"showMaterialUpdate":true,"showSkybox":true,"showFlares":true,"showImageEffects":true,"showParticleSystems":true},"in2DMode":false,"pivot":{"x":37.58616638183594,"y":-44.86524200439453,"z":-13.84280014038086},"rotation":{"x":0.29627546668052676,"y":0.3831658959388733,"z":-0.13124389946460725,"w":0.8649751543998718},"size":152.5374298095703,"orthographic":false}