{"cameraMode":{"drawMode":0,"name":"Shaded","section":"Shading Mode"},"sceneLighting":false,"audioPlay":false,"sceneViewState":{"showFog":true,"showMaterialUpdate":true,"showSkybox":false,"showFlares":true,"showImageEffects":true,"showParticleSystems":true},"in2DMode":false,"pivot":{"x":1.2388454675674439,"y":1.0399999618530274,"z":-1.3439998626708985},"rotation":{"x":-0.3867451548576355,"y":-0.0406557135283947,"z":0.017078854143619539,"w":-0.9211519360542297},"size":3.897252082824707,"orthographic":false}