{"cameraMode":{"drawMode":0,"name":"Shaded","section":"Shading Mode"},"sceneLighting":false,"audioPlay":false,"sceneViewState":{"showFog":true,"showMaterialUpdate":true,"showSkybox":false,"showFlares":true,"showImageEffects":true,"showParticleSystems":true},"in2DMode":false,"pivot":{"x":2.143155574798584,"y":0.7495230436325073,"z":-2.5223257541656496},"rotation":{"x":-0.3545302748680115,"y":-0.2996668517589569,"z":0.12109159678220749,"w":-0.8774298429489136},"size":3.8522722721099855,"orthographic":false}