{"cameraMode":{"drawMode":0,"name":"Shaded","section":"Shading Mode"},"sceneLighting":true,"audioPlay":false,"sceneViewState":{"showFog":true,"showMaterialUpdate":false,"showSkybox":true,"showFlares":true,"showImageEffects":true,"showParticleSystems":true},"in2DMode":false,"pivot":{"x":-9.021095275878907,"y":-8.785263061523438,"z":20.851171493530275},"rotation":{"x":-0.14980080723762513,"y":0.8172577023506165,"z":-0.24504625797271729,"w":-0.4996032118797302},"size":146.04324340820313,"orthographic":false}