{"cameraMode":{"drawMode":0,"name":"Shaded","section":"Shading Mode"},"sceneLighting":true,"audioPlay":false,"sceneViewState":{"showFog":true,"showMaterialUpdate":false,"showSkybox":true,"showFlares":true,"showImageEffects":true,"showParticleSystems":true},"in2DMode":false,"pivot":{"x":25.60537338256836,"y":26.021835327148439,"z":382.0937805175781},"rotation":{"x":-0.3321015238761902,"y":-0.04892639070749283,"z":0.017266955226659776,"w":-0.9418368339538574},"size":81.8162612915039,"orthographic":false}