{"cameraMode":{"drawMode":0,"name":"Shaded","section":"Shading Mode"},"sceneLighting":true,"audioPlay":false,"sceneViewState":{"showFog":true,"showMaterialUpdate":false,"showSkybox":true,"showFlares":true,"showImageEffects":true,"showParticleSystems":true},"in2DMode":false,"pivot":{"x":86.76252746582031,"y":-89.26579284667969,"z":-893.798583984375},"rotation":{"x":0.03355022147297859,"y":0.9647373557090759,"z":-0.1517276018857956,"w":0.21317996084690095},"size":401.8813781738281,"orthographic":false}