{"cameraMode":{"drawMode":0,"name":"Shaded","section":"Shading Mode"},"sceneLighting":true,"audioPlay":false,"sceneViewState":{"showFog":true,"showMaterialUpdate":false,"showSkybox":true,"showFlares":true,"showImageEffects":true,"showParticleSystems":true},"in2DMode":false,"pivot":{"x":191.89425659179688,"y":69.07430267333985,"z":194.65557861328126},"rotation":{"x":0.11350690573453903,"y":0.06733854860067368,"z":-0.007621473632752895,"w":0.9912855625152588},"size":835.504638671875,"orthographic":false}