{"cameraMode":{"drawMode":0,"name":"Shaded","section":"Shading Mode"},"sceneLighting":false,"audioPlay":false,"sceneViewState":{"showFog":true,"showMaterialUpdate":false,"showSkybox":false,"showFlares":true,"showImageEffects":true,"showParticleSystems":true},"in2DMode":false,"pivot":{"x":-4.415486812591553,"y":2.0689148902893068,"z":1.8315818309783936},"rotation":{"x":0.2876432240009308,"y":0.29664334654808047,"z":-0.09420600533485413,"w":0.9057543873786926},"size":7.967617988586426,"orthographic":false}