{"cameraMode":{"drawMode":0,"name":"Shaded","section":"Shading Mode"},"sceneLighting":false,"audioPlay":false,"sceneViewState":{"showFog":true,"showMaterialUpdate":false,"showSkybox":false,"showFlares":true,"showImageEffects":true,"showParticleSystems":true},"in2DMode":false,"pivot":{"x":241.88836669921876,"y":163.88519287109376,"z":44.89177703857422},"rotation":{"x":0.0644504725933075,"y":-0.013786393217742443,"z":0.0008841977105475962,"w":0.997837245464325},"size":417.7525634765625,"orthographic":false}