{"cameraMode":{"drawMode":0,"name":"Shaded","section":"Shading Mode"},"sceneLighting":false,"audioPlay":false,"sceneViewState":{"showFog":true,"showMaterialUpdate":false,"showSkybox":false,"showFlares":true,"showImageEffects":true,"showParticleSystems":true},"in2DMode":false,"pivot":{"x":-1.8499999046325684,"y":0.6899999976158142,"z":-0.6433224678039551},"rotation":{"x":0.17121805250644685,"y":0.14572083950042725,"z":-0.025614462792873384,"w":0.9740607738494873},"size":1.4852994680404664,"orthographic":false}