{"cameraMode":{"drawMode":0,"name":"Shaded","section":"Shading Mode"},"sceneLighting":true,"audioPlay":false,"sceneViewState":{"showFog":true,"showMaterialUpdate":false,"showSkybox":true,"showFlares":true,"showImageEffects":true,"showParticleSystems":true},"in2DMode":false,"pivot":{"x":-53.08232879638672,"y":203.0664825439453,"z":79.5771484375},"rotation":{"x":-0.022499224171042444,"y":0.006906423252075911,"z":-0.00016810149827506393,"w":-0.999748945236206},"size":363.30889892578127,"orthographic":false}